codon,weight
AAA,1.000000
AAC,0.666667
AAG,0.320000
AAT,0.393333
ACA,0.166667
ACC,0.333333
ACG,0.386667
ACT,0.196667
AGA,0.166667
AGC,0.166667
AGG,0.220000
AGT,0.098333
ATA,0.036667
ATC,0.500000
ATG,0.333333
ATT,0.295000
CAA,0.333333
CAC,0.166667
CAG,0.440000
CAT,0.098333
CCA,0.166667
CCC,0.166667
CCG,0.220000
CCT,0.098333
CGA,0.000067
CGC,0.480000
CGG,0.166667
CGT,0.666667
CTA,0.166667
CTC,0.166667
CTG,0.720000
CTT,0.098333
GAA,0.666667
GAC,0.500000
GAG,0.213333
GAT,0.295000
GCA,0.500000
GCC,0.333333
GCG,0.160000
GCT,0.196667
GGA,0.166667
GGC,0.666667
GGG,0.220000
GGT,0.393333
GTA,0.833333
GTC,0.333333
GTG,0.266667
GTT,0.196667
TAC,0.500000
TAT,0.295000
TCA,0.166667
TCC,0.333333
TCG,0.220000
TCT,0.196667
TGC,0.166667
TGG,0.166667
TGT,0.098333
TTA,0.166667
TTC,0.333333
TTG,0.220000
TTT,0.196667
