codon,weight
AAA,0.413793
AAC,0.862069
AAG,0.649655
AAT,0.508621
ACA,0.206928
ACC,0.223448
ACG,0.238621
ACT,0.310345
AGA,0.206897
AGC,0.275862
AGG,0.238621
AGT,0.162759
ATA,0.172466
ATC,0.475862
ATG,0.379310
ATT,0.578276
CAA,0.206897
CAC,0.310345
CAG,0.514483
CAT,0.183103
CCA,0.241410
CCC,0.223448
CCG,0.215172
CCT,0.310345
CGA,0.206921
CGC,0.173793
CGG,0.204138
CGT,0.241379
CTA,0.103479
CTC,0.223448
CTG,0.343448
CTT,0.310345
GAA,0.275862
GAC,0.448276
GAG,0.364138
GAT,0.264483
GCA,0.275952
GCC,0.645517
GCG,0.226207
GCT,0.896552
GGA,0.310345
GGC,0.482759
GGG,0.271724
GGT,0.284828
GTA,0.172448
GTC,0.248276
GTG,0.503448
GTT,0.344828
TAC,0.473103
TAT,0.298966
TCA,0.137962
TCC,0.223448
TCG,0.182069
TCT,0.310345
TGC,1.000000
TGG,0.241379
TGT,0.590000
TTA,0.137931
TTC,0.344828
TTG,0.285517
TTT,0.203448
