codon,weight
AAA,0.222222
AAC,0.240741
AAG,0.422963
AAT,0.142037
ACA,0.074091
ACC,0.120000
ACG,0.097778
ACT,0.166667
AGA,0.092593
AGC,0.129630
AGG,0.122222
AGT,0.076481
ATA,0.092613
ATC,0.146667
ATG,0.148148
ATT,0.203704
CAA,0.111111
CAC,0.185185
CAG,0.220741
CAT,0.109259
CCA,0.129641
CCC,0.080000
CCG,0.097037
CCT,0.111111
CGA,0.092604
CGC,0.080000
CGG,0.085185
CGT,0.111111
CTA,0.055565
CTC,0.066667
CTG,0.202963
CTT,0.092593
GAA,0.148148
GAC,0.296296
GAG,0.251111
GAT,0.174815
GCA,0.203728
GCC,0.173333
GCG,0.250370
GCT,0.240741
GGA,0.129631
GGC,0.254074
GGG,0.152593
GGT,0.160556
GTA,0.055570
GTC,0.106667
GTG,0.202963
GTT,0.148148
TAC,0.185185
TAT,0.109259
TCA,0.055570
TCC,0.125185
TCG,0.073333
TCT,0.159074
TGC,1.000000
TGG,0.148148
TGT,0.590000
TTA,0.074074
TTC,0.129630
TTG,0.097778
TTT,0.076481
