codon,weight
AAA,0.301205
AAC,0.602410
AAG,1.000000
AAT,0.355422
ACA,0.200873
ACC,0.506024
ACG,0.164659
ACT,0.702811
AGA,0.200803
AGC,0.301205
AGG,0.164659
AGT,0.177711
ATA,0.100482
ATC,0.578313
ATG,0.301205
ATT,0.803213
CAA,0.401606
CAC,0.401606
CAG,0.329317
CAT,0.236948
CCA,0.200863
CCC,0.433735
CCG,0.164659
CCT,0.602410
CGA,0.100482
CGC,0.578313
CGG,0.132530
CGT,0.803213
CTA,0.100452
CTC,0.361446
CTG,0.132530
CTT,0.502008
GAA,0.401606
GAC,0.803213
GAG,0.730924
GAT,0.473896
GCA,0.200894
GCC,0.650602
GCG,0.164659
GCT,0.903614
GGA,0.301205
GGC,0.803213
GGG,0.196787
GGT,0.473896
GTA,0.200894
GTC,0.650602
GTG,0.164659
GTT,0.903614
TAC,0.401606
TAT,0.236948
TCA,0.200873
TCC,0.506024
TCG,0.164659
TCT,0.702811
TGC,0.301205
TGG,0.301205
TGT,0.177711
TTA,0.200803
TTC,0.502008
TTG,0.465863
TTT,0.296185
